RecID,idtruth
A918922,1071
A965806,1071
A975932,1071
A988296,1071
A997960,1071
A909927,1072
A910769,1072
A924058,1072
A928147,1072
A928824,1072
A934307,1072
A972885,1072
A994537,1072
A942620,1073
A959160,1073
A968798,1073
A969451,1073
A975337,1073
A990355,1073
A917739,1074
A917812,1074
A927521,1074
A928065,1074
A960642,1074
A966478,1074
A967726,1074
A997991,1074
A998694,1074
A922167,1075
A938006,1075
A966339,1075
A982011,1075
A944144,1076
A966184,1076
A908425,1077
A911385,1077
A916018,1077
A952346,1077
A965664,1077
A986576,1077
A925907,1078
A942331,1078
A951755,1078
A982214,1078
A930840,1079
A941750,1079
A942819,1079
A960815,1079
A960819,1079
A978809,1079
A981403,1079
A988193,1079
A916219,1080
A933543,1080
A951461,1080
A969924,1080
A979758,1080
A990361,1080
A922275,1081
A940100,1081
A958219,1081
A974436,1081
A998294,1081
A917198,1082
A917219,1082
A923496,1082
A962823,1082
A971925,1082
A976656,1082
A985613,1082
A991295,1082
A931912,1083
A947130,1083
A952983,1083
A958284,1083
A982650,1083
A912670,1084
A931209,1084
A945454,1084
A948003,1084
A955499,1084
A975417,1084
A979806,1084
A987740,1084
A994750,1084
A994841,1084
A943900,1085
A946676,1085
A968044,1085
A997234,1085
A924243,1086
A959383,1086
A964009,1086
A984120,1086
A927773,1087
A930907,1087
A945547,1087
A991452,1087
A906197,1089
A915341,1089
A931728,1089
A947359,1089
A929301,1090
A952439,1090
A970428,1090
A998722,1090
A925986,1091
A989947,1091
A991269,1091
A998393,1091
A987653,1092
A904913,1093
A930639,1093
A938108,1093
A974485,1093
A977354,1093
A984236,1093
A986948,1093
A987845,1093
A988759,1093
A974764,1094
A996438,1094
A909471,1095
A914777,1095
A917330,1095
A920209,1095
A931312,1095
A980353,1095
A987637,1095
A988564,1095
A942783,1096
A968908,1096
A982208,1096
A983091,1096
A923733,1097
A937030,1097
A949265,1097
A973612,1097
A991539,1097
A933657,1098
A962749,1098
A972083,1098
A990184,1098
A990193,1098
A992726,1098
A906362,1099
A909608,1099
A918120,1099
A938422,1099
A960706,1099
A968400,1099
A994743,1099
A996538,1099
A914525,1100
A920262,1100
A945112,1100
A956731,1100
A964918,1100
A965791,1100
A971940,1100
A991474,1100
A991673,1100
A908482,1101
A917458,1101
A942132,1101
A961069,1101
A979147,1101
A981423,1101
A997477,1101
A923369,1102
A929121,1102
A942210,1102
A944645,1102
A913583,1103
A938419,1103
A939819,1103
A941957,1103
A967137,1103
A986291,1103
A992126,1103
A933276,1104
A937797,1104
A943943,1104
A997910,1104
A913592,1105
A919096,1105
A949178,1105
A953131,1105
A961387,1105
A969532,1105
A993315,1105
A997659,1105
A950699,1106
A962379,1106
A963334,1106
A975745,1106
A978248,1106
A988924,1106
A922943,1107
A964249,1107
A981419,1107
A904758,1108
A930348,1108
A939278,1108
A986921,1108
A910561,1109
A926624,1109
A935695,1109
A944226,1109
A961935,1109
A967158,1109
A987435,1109
A991023,1109
A922459,1110
A928018,1110
A947377,1110
A947761,1110
A949388,1110
A952078,1110
A971707,1110
A923076,1111
A927050,1111
A929052,1111
A937397,1111
A952707,1111
A953196,1111
A977140,1111
A982643,1112
A919680,1113
A927105,1113
A942843,1113
A957850,1113
A960431,1113
A968043,1113
A972277,1113
A980647,1113
A906829,1114
A937635,1114
A939109,1114
A956340,1114
A959692,1114
A962495,1114
A967164,1114
A905600,1115
A923538,1115
A970890,1115
A907505,1116
A950051,1116
A953512,1116
A982301,1116
A997080,1116
A913076,1117
A917011,1117
A976130,1117
A920955,1118
A921406,1118
A937142,1118
A957032,1118
A958749,1118
A961499,1118
A993003,1118
A998819,1118
A933636,1119
A945620,1119
A964631,1119
A970731,1119
A916510,1120
A952348,1120
A980781,1120
A982972,1120
A989482,1120
A991195,1120
A992749,1120
A996492,1120
A922175,1121
A924282,1121
A934764,1121
A988521,1122
A913537,1123
A921250,1123
A951268,1123
A956221,1123
A976570,1123
A986176,1123
A995145,1123
A923837,1124
A935232,1124
A938913,1124
A987498,1124
A996763,1124
A921673,1125
A944100,1125
A968125,1125
A975664,1125
A978800,1125
A985875,1125
A987930,1125
A936671,1126
A940511,1126
A956873,1126
A978662,1126
A979304,1126
A935383,1127
A968599,1127
A972802,1127
A985446,1127
A989110,1127
A915213,1128
A979747,1128
A984432,1128
A987351,1128
A933568,1129
A974660,1129
A980655,1129
A935015,1130
A954233,1130
A959201,1130
A949062,1131
A949108,1131
A956368,1131
A993890,1131
A917573,1132
A924376,1132
A934684,1132
A940358,1132
A954248,1132
A976708,1132
A979829,1132
A936810,1133
A938446,1133
A958427,1133
A967987,1134
A970773,1134
A974295,1134
A913715,1135
A914010,1135
A942826,1135
A948913,1135
A958292,1135
A983512,1135
A990679,1135
A998603,1135
A919080,1137
A950490,1137
A984843,1137
A990838,1137
A998869,1137
A927295,1138
A935283,1138
A939854,1138
A953160,1138
A977550,1138
A915157,1139
A927684,1139
A939292,1139
A950497,1139
A963478,1139
A966176,1139
A971943,1139
A961660,1140
A979465,1140
A982747,1140
A989235,1140
A911730,1141
A941723,1141
A906942,1143
A919665,1143
A957282,1143
A972829,1143
A991401,1143
A998914,1143
A918292,1144
A944466,1144
A935904,1145
A995404,1145
A922383,1146
A929523,1146
A935754,1146
A945302,1146
A956053,1146
A959253,1146
A971201,1146
A972583,1146
A987321,1146
A987392,1146
A990943,1146
A914922,1147
A937171,1147
A949154,1147
A953190,1147
A909199,1148
A938311,1148
A976487,1148
A995174,1148
A918429,1149
A941783,1149
A925689,1150
A953429,1150
A968909,1150
A990227,1150
A909924,1151
A917124,1151
A942334,1151
A923732,1152
A927339,1152
A934244,1152
A937005,1152
A931022,1153
A942281,1153
A964929,1153
A996880,1153
A912356,1154
A918602,1154
A921322,1154
A956865,1154
A964208,1154
A994027,1154
A994316,1154
A905153,1155
A907424,1156
A911772,1156
A927634,1156
A987118,1156
A908334,1157
A911498,1157
A925808,1157
A931754,1157
A952559,1157
A977764,1157
A979022,1157
A934070,1158
A928313,1159
A928554,1159
A959088,1159
A962905,1159
A972210,1159
A979946,1159
A944378,1160
A920864,1161
A951672,1161
A961883,1161
A973802,1161
A926308,1162
A946460,1162
A950517,1162
A924279,1163
A938973,1163
A965319,1163
A971833,1163
A998913,1163
A914597,1164
A932829,1164
A937848,1164
A942141,1164
A946772,1164
A956987,1164
A963623,1164
A996678,1164
A907249,1165
A912703,1165
A916162,1165
A935098,1165
A936759,1165
A971305,1165
A972322,1165
A990216,1165
A997623,1165
A905978,1166
A938019,1166
A942752,1166
A948338,1166
A962327,1166
A963619,1166
A964107,1166
A986463,1166
A993758,1166
A925454,1167
A941111,1167
A960270,1167
A977525,1167
A918089,1168
A955444,1168
A955968,1168
A979279,1168
A983919,1168
A927649,1169
A933528,1169
A974612,1169
A997308,1169
A920447,1170
A920507,1170
A929481,1170
A929543,1170
A946254,1170
A950092,1170
A951699,1170
A959394,1170
A960948,1170
A976322,1170
A908231,1171
A928618,1171
A940743,1171
A945237,1171
A957192,1171
A982573,1171
A936547,1172
A942968,1172
A955770,1172
A927962,1173
A964975,1173
A968159,1173
A981895,1173
A939125,1174
A947892,1174
A953249,1174
A978136,1174
A978409,1174
A989772,1174
A993358,1174
A982100,1175
A994111,1175
A905966,1176
A944217,1176
A967450,1176
A984119,1176
A987111,1176
A993686,1176
A997226,1176
A970011,1177
A907384,1178
A951123,1178
A951194,1178
A957637,1178
A965723,1178
A993628,1178
A911367,1179
A914474,1179
A919619,1179
A963610,1179
A914374,1180
A916845,1180
A945724,1180
A961996,1180
A972013,1180
A993768,1180
A997341,1180
A938120,1181
A948752,1181
A965106,1181
A969596,1181
A979557,1181
A992868,1181
A912159,1182
A922996,1182
A925429,1182
A929566,1182
A931270,1182
A942264,1182
A974058,1182
A909165,1184
A939201,1184
A940143,1184
A930333,1185
A985621,1185
A928545,1186
A931567,1186
A939595,1186
A953398,1186
A985212,1186
A987305,1186
A904877,1187
A912789,1187
A922045,1187
A941210,1187
A962473,1187
A913178,1188
A921763,1188
A927337,1188
A993848,1188
A948046,1189
A951785,1189
A966278,1189
A908670,1190
A925611,1190
A913670,1191
A958596,1191
A974757,1191
A949787,1192
A950312,1192
A991481,1192
A997206,1192
A928973,1193
A973370,1193
A981211,1193
A982857,1193
A988738,1193
A994679,1193
A912438,1194
A915148,1194
A917847,1194
A964552,1194
A987199,1194
A990888,1194
A921739,1195
A927884,1195
A948379,1195
A952068,1195
A958515,1195
A976273,1195
A908266,1196
A908643,1196
A927028,1196
A968158,1196
A982940,1196
A913926,1197
A927616,1197
A941093,1197
A945606,1197
A951638,1197
A958666,1197
A960925,1197
A969030,1197
A989767,1197
A994594,1197
A935204,1198
A947374,1198
A960094,1198
A990977,1198
A917769,1199
A946597,1199
A981277,1199
A990007,1199
A914297,1200
A963929,1200
A974033,1200
A995288,1200
A940000,1201
A946956,1201
A950568,1201
A961224,1201
A968834,1201
A969830,1201
A972283,1201
A975103,1201
A988103,1201
A950846,1202
A965630,1202
A998949,1202
A910960,1203
A923293,1203
A924730,1203
A933030,1203
A948983,1203
A951919,1203
A965894,1203
A974705,1203
A910126,1204
A911526,1204
A915367,1204
A917007,1204
A926444,1204
A938887,1204
A942546,1204
A942868,1204
A949516,1204
A949928,1204
A966828,1204
A967592,1204
A969937,1204
A972043,1204
A976823,1204
A980258,1204
A988486,1204
A932567,1205
A967948,1205
A980783,1205
A912864,1206
A927926,1206
A969304,1207
A910303,1208
A938680,1208
A963578,1208
A965675,1208
A915742,1209
A925911,1209
A930917,1209
A935721,1209
A945754,1209
A957628,1209
A975645,1209
A975727,1209
A914483,1210
A946234,1210
A965368,1210
A968536,1210
A904697,1211
A934068,1211
A956944,1211
A910577,1212
A961170,1212
A980725,1212
A912279,1213
A929449,1213
A909202,1214
A916773,1214
A922655,1214
A944515,1214
A952605,1214
A976765,1214
A984198,1214
A997399,1214
A906178,1215
A942904,1215
A957600,1215
A969218,1215
A972704,1215
A979481,1215
A984269,1215
A993709,1215
A942111,1216
A963268,1216
A965279,1216
A970690,1216
A975350,1216
A991878,1216
A997288,1216
A907671,1217
A921690,1217
A926502,1217
A946132,1217
A970913,1217
A907771,1218
A916368,1218
A924329,1218
A931780,1218
A944274,1219
A975507,1219
A981183,1219
A993660,1219
A919267,1220
A933472,1220
A939785,1220
A922614,1221
A938443,1221
A978813,1221
A986752,1221
A963942,1222
A967610,1222
A985793,1222
A996435,1222
A922562,1223
A922752,1223
A935604,1223
A945504,1223
A998213,1223
A925037,1224
A936530,1224
A939452,1224
A986860,1224
A923472,1225
A936407,1225
A943359,1225
A947980,1225
A961113,1225
A974915,1225
A914024,1226
A942272,1226
A984023,1226
A988045,1226
A981120,1227
A987889,1227
A914865,1228
A950871,1228
A951184,1228
A938442,1229
A968510,1229
A974000,1229
A988483,1229
A944386,1230
A949027,1230
A966147,1230
A977930,1230
A981200,1230
A934739,1231
A973440,1231
A987384,1231
A913353,1232
A920423,1232
A927186,1232
A969463,1232
A955220,1233
A927866,1234
A936680,1234
A940523,1234
A945341,1234
A949877,1234
A963641,1234
A920907,1235
A962876,1235
A986421,1235
A986527,1235
A988915,1235
A989136,1235
A994561,1235
A908041,1237
A920725,1237
A921017,1237
A924291,1237
A932413,1237
A995470,1237
A935144,1238
A936211,1238
A910195,1239
A924822,1239
A930039,1239
A941514,1239
A977641,1239
A943522,1240
A944644,1240
A948218,1240
A961440,1240
A963831,1240
A975906,1240
A998466,1240
A921287,1241
A933573,1241
A955608,1241
A983811,1241
A906202,1242
A911354,1242
A969303,1242
A974837,1242
A994703,1242
A942480,1243
A982251,1243
A990121,1243
A922880,1244
A989279,1244
A943657,1245
A957378,1245
A986928,1245
A991536,1245
A917230,1246
A949303,1246
A971522,1246
A933021,1247
A947347,1247
A973969,1247
A982770,1247
A915456,1248
A952931,1248
A912186,1249
A915560,1249
A935651,1249
A946073,1249
A952552,1249
A990431,1249
A993309,1249
A998135,1249
A917874,1250
A922324,1250
A945007,1250
A953519,1250
A954979,1250
A975783,1250
A981204,1250
A988133,1250
A993086,1250
A939023,1251
A944985,1251
A987400,1251
A911688,1252
A919755,1252
A926365,1252
A956008,1252
A960241,1252
A912451,1253
A913427,1253
A918853,1253
A940459,1253
A983196,1253
A911817,1254
A930790,1254
A953583,1254
A988223,1254
A990458,1254
A917968,1256
A925775,1256
A946194,1256
A967673,1256
A909129,1257
A923018,1257
A945977,1257
A957630,1257
A982406,1258
A909296,1259
A916914,1259
A974060,1259
A978889,1259
A912919,1260
A924699,1260
A936948,1260
A967362,1260
A970600,1260
A989122,1260
A907840,1261
A937273,1261
A973978,1261
A987923,1261
A990234,1261
A921740,1262
A934329,1262
A950230,1262
A951239,1262
A973686,1262
A992366,1262
A912161,1263
A946457,1263
A964903,1263
A974834,1263
A997545,1263
A915036,1264
A926481,1264
A957401,1264
A959526,1264
A966857,1264
A986558,1264
A919913,1265
A970745,1265
A975036,1265
A977533,1265
A933364,1266
A944814,1266
A945849,1266
A908180,1267
A928569,1267
A928854,1267
A949004,1267
A961396,1267
A926355,1268
A934634,1268
A979992,1268
A992244,1268
A957356,1269
A910463,1270
A914090,1270
A916488,1270
A935394,1270
A945298,1270
A948988,1270
A951353,1270
A956399,1270
A963660,1270
A976194,1270
A993157,1270
A926438,1271
A954066,1271
A979342,1271
A985074,1271
A919447,1272
A924385,1272
A925664,1272
A930080,1272
A942399,1272
A951863,1272
A954753,1272
A955253,1272
A961284,1272
A964280,1272
A909663,1273
A911943,1273
A916642,1273
A935542,1273
A935820,1273
A956181,1273
A975037,1273
A982020,1273
A984143,1273
A943720,1274
A969468,1274
A969640,1274
A979354,1274
A906213,1275
A908818,1275
A941936,1275
A911153,1276
A923913,1276
A936036,1276
A938945,1276
A948394,1276
A956409,1276
A973143,1276
A973552,1276
A986401,1276
A987212,1276
A907499,1277
A926181,1277
A946443,1277
A949502,1277
A966957,1277
A931407,1278
A946683,1278
A968988,1278
A936787,1279
A970737,1279
A972804,1279
A979497,1279
A941220,1280
A942473,1280
A951787,1280
A986640,1280
A919041,1281
A961597,1282
A961897,1282
A962380,1282
A962861,1282
A963254,1282
A971494,1282
A973814,1282
A982745,1282
A985086,1282
A934032,1283
A948272,1283
A953055,1283
A983254,1283
A910025,1284
A922747,1284
A935662,1284
A942167,1284
A954716,1284
A965944,1284
A978518,1284
A978727,1284
A979602,1284
A996959,1284
A909028,1285
A910815,1285
A937090,1285
A956180,1285
A971887,1285
A974416,1286
A953969,1288
A961150,1288
A993896,1288
A996626,1288
A913342,1289
A927525,1289
A961273,1289
A910852,1290
A911998,1290
A997344,1290
A907042,1293
A922632,1293
A974210,1293
A987128,1293
A905041,1294
A964355,1294
A917828,1295
A928821,1295
A943496,1295
A962793,1295
A969262,1295
A974874,1295
A975931,1295
A985637,1295
A989734,1295
A992387,1295
A905547,1296
A912900,1296
A980501,1296
A936324,1297
A953271,1297
A983080,1297
A907656,1298
A936628,1298
A951432,1298
A971251,1298
A982230,1298
A987428,1298
A911420,1299
A977992,1299
A998559,1299
A938219,1300
A953077,1300
A967554,1300
A984534,1300
A987132,1300
A906433,1301
A919864,1301
A954755,1301
A923069,1303
A938592,1303
A948545,1303
A956851,1303
A957885,1303
A974348,1303
A996291,1303
A996746,1303
A922314,1304
A927452,1304
A928896,1304
A934885,1304
A936208,1304
A941956,1304
A943051,1304
A952468,1304
A955882,1304
A968082,1304
A976845,1304
A983667,1304
A994054,1304
A913011,1305
A935456,1305
A954322,1305
A965695,1305
A972426,1305
A979913,1305
A947420,1306
A947912,1306
A980259,1307
A983435,1307
A937355,1309
A949321,1309
A951977,1309
A963015,1309
A969693,1309
A976000,1309
A985346,1309
A919591,1310
A938039,1310
A941698,1310
A964133,1310
A976234,1310
A986451,1310
A922442,1311
A927282,1311
A943907,1311
A949268,1311
A961573,1311
A968264,1311
A986753,1311
A915363,1312
A934575,1312
A988362,1312
A942675,1313
A943567,1313
A985180,1313
A982571,1315
A992190,1316
A905773,1317
A935300,1317
A966558,1317
A945136,1318
A978333,1318
A992279,1318
A941249,1319
A958235,1319
A911306,1320
A914011,1320
A929361,1320
A941276,1320
A914097,1321
A941996,1321
A968918,1321
A984486,1321
A984614,1321
A948850,1323
A953230,1323
A956026,1323
A975653,1323
A905817,1324
A906150,1324
A914838,1324
A931940,1324
A935680,1324
A944292,1324
A944661,1324
A954526,1324
A970329,1324
A982264,1324
A997141,1324
A909014,1325
A913345,1325
A917190,1325
A936915,1325
A973647,1325
A974575,1325
A989382,1325
A990993,1325
A987606,1326
A996100,1326
A910060,1327
A917666,1327
A924644,1327
A933034,1327
A934632,1327
A962614,1327
A963029,1327
A967570,1327
A976533,1327
A928673,1328
A928731,1328
A997796,1328
A918181,1329
A934412,1329
A997791,1329
A911548,1330
A920309,1330
A922114,1330
A923977,1330
A925575,1330
A928237,1330
A978393,1330
A936521,1331
A956596,1331
A961115,1331
A961635,1331
A989989,1331
A991138,1331
A997306,1331
A984790,1332
A942706,1333
A951559,1333
A965943,1333
A913398,1334
A945907,1334
A994415,1334
A917174,1335
A976857,1335
A989633,1335
A975310,1336
A921090,1337
A936064,1337
A939394,1337
A956938,1337
A965773,1337
A966007,1337
A971523,1337
A971560,1337
A973341,1337
A977935,1337
A978379,1337
A982936,1337
A995474,1337
A942973,1338
A977665,1338
A978782,1338
A992801,1338
A926791,1339
A929882,1339
A983822,1339
A908205,1340
A917797,1340
A930003,1340
A911968,1341
A965056,1341
A977664,1341
A977130,1342
A937401,1343
A947802,1343
A994865,1343
A917141,1344
A933888,1344
A959245,1344
A973625,1344
A996477,1344
A909989,1345
A924283,1345
A925353,1345
A934605,1345
A934912,1345
A945110,1345
A965872,1345
A970237,1345
A975877,1345
A978837,1345
A981680,1345
A982284,1345
A994071,1345
A914361,1346
A918676,1346
A928351,1346
A967825,1346
A976400,1346
A992645,1346
A909194,1347
A910964,1347
A927785,1347
A944286,1347
A944532,1347
A967424,1347
A972613,1347
A977962,1347
A992837,1347
A997597,1347
A905748,1348
A919073,1348
A925503,1348
A947517,1348
A963448,1348
A967526,1348
A983176,1348
A989619,1348
A910008,1349
A920520,1349
A930536,1349
A938278,1349
A941101,1349
A991208,1349
A908576,1350
A909994,1350
A926913,1350
A929267,1350
A948820,1350
A908732,1351
A924083,1351
A935740,1351
A935932,1351
A946777,1351
A971028,1351
A964646,1352
A965235,1352
A988717,1352
A939146,1353
A941433,1353
A954275,1353
A960954,1353
A970136,1353
A973225,1353
A956674,1354
A961401,1354
A962680,1354
A948801,1355
A958456,1355
A995709,1355
A929630,1356
A958199,1356
A962612,1356
A971993,1356
A988515,1356
A994339,1356
A923941,1357
A943906,1357
A948209,1357
A993552,1357
A938271,1358
A951630,1358
A964322,1358
A970184,1358
A983954,1358
A988662,1358
A906820,1359
A963960,1359
A956035,1360
A959251,1360
A969043,1360
A941375,1361
A944711,1361
A914381,1363
A957358,1363
A961776,1363
A966023,1363
A974216,1363
A936406,1364
A986895,1364
A908429,1365
A909635,1365
A914725,1365
A917631,1365
A950927,1365
A938595,1366
A949856,1366
A952953,1366
A969439,1366
A988115,1366
A994843,1366
A935302,1367
A943687,1367
A946718,1367
A957833,1367
A977207,1367
A982379,1367
A911645,1368
A920900,1368
A935869,1368
A937491,1368
A942391,1368
A971007,1368
A972684,1368
A909864,1369
A913118,1369
A914707,1369
A929797,1369
A930256,1369
A932778,1369
A956389,1369
A956484,1369
A964900,1369
A981579,1369
A990513,1369
A992988,1369
A998058,1369
A914448,1370
A952959,1370
A955630,1370
A959852,1370
A991055,1370
A922388,1371
A925789,1371
A944216,1371
A952766,1371
A984490,1371
A947336,1372
A924429,1373
A926962,1373
A966334,1373
A986693,1373
A998711,1373
A923673,1374
A931590,1374
A933059,1374
A982080,1374
A923305,1375
A936024,1375
A941776,1375
A945881,1375
A962255,1375
A977247,1375
A979571,1375
A984532,1375
A996299,1375
A911006,1376
A925627,1376
A930695,1376
A938761,1376
A972707,1376
A978507,1376
A981378,1376
A915340,1377
A915614,1377
A916073,1377
A929934,1377
A948278,1377
A958492,1377
A971192,1377
A977177,1377
A981869,1377
A982799,1377
A986874,1377
A987154,1377
A998554,1377
A921163,1378
A944526,1378
A968261,1378
A981597,1378
A905663,1379
A934905,1379
A964324,1379
A984003,1379
A916975,1380
A949716,1380
A964153,1380
A974796,1380
A983241,1380
A914585,1381
A926266,1381
A937529,1381
A937922,1381
A970860,1381
A980804,1381
A988827,1381
A989780,1381
A907131,1382
A910936,1382
A933321,1382
A963863,1382
A962095,1383
A979918,1383
A920810,1384
A951196,1384
A985110,1384
A986959,1384
A988790,1384
A992180,1384
A994342,1384
A998890,1384
A952094,1385
A912203,1386
A938753,1386
A950928,1386
A982549,1386
A932789,1387
A943878,1387
A953815,1387
A974039,1387
A981565,1387
A987479,1387
A918828,1388
A935980,1388
A937724,1388
A952984,1388
A989955,1388
A905562,1389
A915843,1389
A930198,1389
A937189,1389
A958776,1389
A974894,1389
A989752,1389
A946184,1390
A946721,1390
A951561,1390
A910004,1391
A961198,1391
A971790,1391
A975365,1391
A981914,1391
A909666,1392
A916612,1392
A924215,1392
A946260,1392
A968451,1392
A974596,1392
A978807,1392
A994079,1392
A911662,1393
A915178,1393
A950421,1393
A984041,1393
A996718,1393
A923657,1394
A924278,1394
A927191,1394
A980674,1394
A904735,1395
A931268,1395
A958216,1395
A963332,1395
A966439,1395
A978494,1395
A906267,1396
A914739,1396
A932556,1396
A940483,1396
A952930,1396
A960092,1396
A961899,1396
A971345,1396
A973613,1396
A982324,1396
A994202,1396
A994393,1396
A994945,1396
A932802,1397
A941050,1397
A948418,1397
A962196,1397
A981052,1397
A990876,1398
A990894,1398
A994768,1398
A997756,1398
A922558,1399
A954117,1399
A964720,1399
A979964,1399
A930024,1400
A935248,1400
A939985,1400
A944282,1400
A960515,1400
A960836,1400
A966731,1400
A989485,1400
A993958,1400
A917114,1401
A953995,1401
A956152,1401
A976231,1401
A983717,1401
A989376,1401
A995577,1401
A908528,1402
A923776,1402
A923809,1402
A942129,1402
A976749,1402
A977233,1402
A909768,1403
A919898,1403
A951473,1403
A969654,1403
A977160,1403
A983223,1403
A905823,1404
A933648,1404
A957397,1404
A958583,1404
A964525,1404
A976176,1404
A998672,1404
A916321,1405
A937269,1405
A947981,1405
A948457,1405
A949261,1405
A929623,1406
A940645,1406
A943876,1406
A972302,1406
A981639,1406
A922769,1407
A934766,1407
A952374,1407
A968985,1407
A915531,1408
A936732,1408
A941861,1408
A952865,1409
A974372,1409
A974644,1409
A975998,1409
A937010,1410
A962977,1410
A986889,1410
A992076,1410
A916934,1411
A950897,1411
A966069,1411
A993940,1411
A997807,1411
A958872,1412
A975706,1412
A904861,1413
A913556,1413
A914784,1413
A938279,1413
A947480,1413
A967920,1413
A973853,1413
A982285,1413
A923664,1414
A939727,1414
A969846,1414
A915296,1415
A945789,1415
A953119,1415
A959910,1415
A972317,1415
A984062,1415
A990997,1415
A925524,1416
A927520,1416
A974034,1416
A974056,1416
A942028,1417
A964167,1417
A980998,1417
A906926,1418
A907355,1418
A912539,1418
A942139,1418
A952491,1418
A966166,1418
A971965,1418
A994135,1418
A995661,1418
A908835,1419
A924844,1419
A925383,1419
A966566,1419
A988142,1419
A995765,1419
A947088,1420
A958231,1420
A962216,1420
A992064,1420
A922766,1421
A951181,1421
A953453,1421
A954814,1421
A965854,1421
A966938,1421
A908026,1422
A910921,1422
A941655,1422
A942585,1422
A966891,1422
A992267,1422
A927156,1423
A933945,1423
A943380,1423
A954135,1423
A956747,1423
A972278,1423
A974321,1423
A974405,1423
A930272,1424
A931925,1424
A934393,1424
A944628,1425
A972412,1425
A906879,1426
A944667,1426
A978845,1426
A987263,1426
A927774,1427
A961553,1427
A962551,1427
A983798,1427
A985463,1427
A916466,1428
A980953,1428
A982556,1428
A913833,1429
A923721,1429
A942026,1429
A948175,1429
A954479,1429
A969358,1429
A987222,1429
A991266,1429
A911973,1430
A930332,1430
A951605,1430
A954833,1430
A961160,1430
A986223,1430
A986683,1430
A996888,1430
A908662,1431
A944314,1431
A945242,1431
A967685,1431
A971958,1431
A925346,1432
A933258,1432
A940883,1432
A942972,1432
A944992,1432
A956380,1432
A967788,1432
A978270,1432
A921566,1433
A926120,1433
A954104,1433
A955498,1433
A972908,1433
A930266,1434
A949901,1434
A920211,1435
A928236,1435
A948661,1435
A950941,1435
A951748,1435
A962360,1435
A921338,1436
A932148,1436
A945801,1436
A950729,1436
A961554,1436
A968595,1436
A979490,1436
A998588,1436
A907296,1437
A931408,1437
A942673,1437
A962840,1437
A975625,1437
A906864,1438
A918678,1438
A922189,1438
A943648,1438
A946935,1438
A981871,1438
A915732,1439
A924374,1439
A955063,1439
A958400,1439
A959647,1439
A965444,1439
A967941,1439
A976859,1439
A984405,1439
A996735,1439
A998584,1439
A961214,1440
A963429,1440
A968720,1440
A957782,1441
A975695,1441
A997119,1441
A966767,1442
A923492,1443
A970746,1443
A980704,1443
A911504,1444
A916501,1444
A918103,1444
A926016,1444
A981165,1444
A995112,1444
A911959,1445
A936138,1445
A939554,1445
A952335,1445
A953808,1445
A957918,1445
A963345,1445
A979273,1445
A918633,1446
A929362,1446
A965845,1446
A973741,1446
A991783,1446
A996163,1446
A910604,1447
A953637,1447
A907641,1448
A929952,1448
A946760,1448
A959123,1448
A987584,1448
A914579,1449
A998627,1449
A945180,1451
A965844,1451
A971977,1451
A987968,1451
A922639,1452
A940333,1452
A949684,1452
A971675,1452
A979276,1452
A906816,1453
A911612,1453
A965887,1453
A990848,1453
A919425,1454
A936835,1454
A938308,1454
A952544,1454
A913466,1455
A915199,1455
A962302,1455
A966127,1455
A905488,1456
A906293,1456
A911271,1456
A920989,1456
A927544,1456
A940171,1456
A946059,1456
A949767,1456
A934595,1457
A961791,1458
A978624,1458
A929352,1459
A948256,1459
A958543,1459
A945092,1460
A961327,1460
A977829,1460
A980917,1460
A906014,1461
A934325,1461
A956069,1461
A960267,1461
A987152,1461
A905465,1462
A963360,1462
A965968,1462
A971478,1462
A995926,1462
A920496,1463
A926241,1463
A965665,1463
A980241,1463
A987021,1463
A936260,1464
A966512,1464
A973196,1464
A987054,1464
A911757,1465
A948047,1465
A975544,1465
A906845,1466
A922190,1466
A967035,1466
A911113,1467
A913033,1468
A964750,1468
A967889,1468
A989373,1468
A931944,1469
A944345,1469
A982942,1469
A992099,1469
A948138,1470
A967075,1471
A971101,1471
A997622,1471
A905951,1472
A930273,1472
A931622,1472
A946364,1472
A979635,1472
A984675,1472
A991748,1472
A914246,1473
A916155,1473
A954315,1473
A964076,1473
A989841,1473
A923557,1474
A926082,1474
A946098,1474
A946744,1474
A948043,1474
A957266,1474
A964140,1474
A966922,1474
A967271,1474
A988660,1474
A931242,1475
A982497,1475
A985400,1475
A989763,1475
A907263,1476
A907898,1476
A938926,1476
A947415,1476
A984350,1476
A940053,1477
A940381,1477
A971987,1477
A925533,1478
A954095,1478
A962512,1478
A975668,1478
A933308,1480
A955718,1480
A917801,1481
A941287,1481
A943751,1481
A944277,1481
A946877,1481
A968186,1481
A984823,1481
A987327,1481
A987501,1481
A913847,1482
A921472,1482
A953142,1482
A936169,1484
A939580,1484
A975312,1484
A986774,1484
A923808,1485
A945288,1485
A979905,1485
A988734,1485
A920410,1486
A935656,1486
A949031,1486
A949421,1486
A955792,1486
A967211,1486
A992436,1486
A916063,1487
A932249,1487
A944035,1487
A977416,1487
A984298,1487
A934780,1488
A988689,1488
A997882,1488
A953441,1489
A973342,1489
A974529,1489
A985419,1489
A912741,1490
A925914,1490
A928282,1490
A934960,1490
A963769,1490
A914811,1491
A977611,1491
A922804,1492
A944968,1492
A958500,1492
A960831,1492
A963391,1492
A966776,1492
A991627,1492
A908642,1493
A912885,1493
A918290,1493
A927981,1493
A928610,1493
A929055,1493
A955644,1493
A959585,1493
A982869,1493
A990376,1493
A934282,1494
A946560,1494
A947755,1494
A951746,1494
A956110,1494
A973303,1494
A986941,1494
A921226,1495
A942522,1495
A911988,1496
A917767,1496
A937566,1496
A943912,1496
A967046,1496
A974896,1496
A976131,1496
A982215,1496
A996710,1496
A905844,1497
A935630,1497
A959820,1497
A975813,1497
A996807,1497
A973389,1498
A917534,1499
A924726,1499
A961947,1499
A966002,1499
A979515,1499
A912953,1500
A927155,1500
A939530,1500
A959129,1500
A959650,1500
A962434,1500
A964154,1500
A968847,1500
A982499,1500
A983903,1500
A917287,1501
A943363,1501
A953908,1501
A959084,1501
A963096,1501
A975815,1501
A986082,1501
A904811,1502
A964831,1502
A971061,1502
A934936,1503
A953056,1503
A954488,1503
A956157,1503
A966525,1503
A990947,1503
A909854,1504
A922743,1504
A935614,1504
A963095,1504
A998517,1504
A916431,1505
A970236,1505
A977268,1505
A931276,1506
A918175,1507
A921809,1507
A955086,1507
A910354,1508
A953851,1508
A971962,1508
A913358,1509
A925752,1509
A926220,1509
A941392,1509
A955627,1509
A998330,1509
A916017,1510
A945209,1510
A958225,1510
A961668,1510
A963363,1510
A967456,1510
A969705,1510
A975508,1510
A981069,1510
A928942,1511
A935668,1511
A976722,1511
A993291,1511
A918628,1512
A946830,1512
A975451,1512
A975502,1512
A998181,1512
A906578,1513
A909295,1513
A941329,1513
A957992,1513
A959665,1513
A960066,1513
A962563,1513
A970073,1513
A984756,1513
A923013,1514
A970796,1514
A996631,1514
A906079,1515
A906172,1515
A907237,1515
A956709,1515
A967708,1515
A971482,1515
A976623,1515
A917609,1516
A932292,1516
A968915,1516
A974476,1516
A981626,1516
A914307,1517
A925014,1517
A956016,1517
A966887,1517
A993384,1517
A915994,1518
A942639,1518
A968214,1518
A972901,1518
A984103,1518
A914169,1519
A963075,1519
A995058,1519
A909466,1520
A928319,1520
A966853,1520
A971780,1520
A984301,1520
A935807,1521
A963745,1521
A907336,1522
A925360,1522
A952430,1522
A916414,1523
A948195,1523
A965183,1524
A939520,1525
A953523,1525
A963330,1525
A980966,1525
A920094,1526
A925218,1526
A947142,1526
A952416,1526
A957847,1526
A961652,1526
A982656,1526
A985185,1526
A986687,1526
A992256,1526
A992755,1526
A908653,1527
A948984,1527
A964404,1527
A970407,1527
A946528,1528
A981415,1528
A924231,1529
A928849,1529
A944970,1529
A972710,1529
A981255,1529
A985105,1529
A912151,1530
A956802,1530
A957309,1530
A960959,1530
A920384,1531
A955814,1531
A987003,1531
A912134,1532
A927252,1532
A964296,1532
A917033,1533
A918993,1533
A920205,1533
A925152,1533
A943058,1533
A946341,1533
A947865,1533
A969097,1533
A976329,1533
A994005,1533
A907164,1534
A921405,1534
A938580,1534
A982914,1534
A994309,1534
A996222,1534
A949164,1535
A985898,1535
A945314,1536
A964531,1536
A912624,1537
A947519,1537
A967395,1537
A969779,1537
A990293,1537
A911368,1538
A937324,1538
A942400,1538
A972990,1538
A984270,1538
A916545,1539
A928654,1539
A929966,1539
A932421,1539
A963780,1539
A904739,1540
A913315,1540
A930172,1540
A934564,1540
A948127,1540
A951976,1540
A959904,1540
A966819,1540
A982647,1540
A933933,1541
A974051,1541
A990998,1541
A992798,1541
A939732,1543
A907284,1544
A940218,1544
A953170,1544
A956273,1544
A965172,1544
A994934,1544
A933790,1546
A950793,1546
A961465,1546
A962555,1546
A971421,1546
A980512,1546
A992222,1546
A955772,1547
A966227,1547
A966398,1547
A942149,1548
A946936,1548
A997513,1548
A917299,1549
A936420,1549
A989352,1549
A990996,1549
A998569,1549
A920536,1550
A927873,1550
A929265,1550
A929401,1550
A931085,1550
A943117,1550
A955844,1550
A957038,1550
A988209,1550
A908884,1551
A939748,1551
A977425,1551
A988451,1551
A995134,1551
A915428,1552
A927708,1552
A942266,1552
A942514,1552
A948723,1552
A980988,1552
A983542,1552
A998008,1552
A916045,1553
A933356,1553
A935973,1553
A938631,1553
A951025,1553
A951918,1553
A975196,1553
A975578,1553
A930572,1554
A932839,1554
A961183,1554
A962928,1554
A974654,1554
A976250,1554
A976261,1554
A977049,1554
A918618,1555
A922841,1555
A930387,1555
A932587,1555
A939529,1555
A940953,1555
A964557,1555
A967470,1555
A988839,1555
A911202,1556
A917167,1556
A927360,1556
A984363,1556
A995349,1556
A913637,1557
A921222,1557
A927415,1557
A967511,1557
A980864,1557
A996507,1557
A905577,1558
A915357,1558
A927430,1558
A930856,1558
A935857,1558
A963558,1558
A970439,1558
A912796,1559
A916924,1559
A927081,1559
A927545,1559
A928287,1559
A983689,1559
A989598,1559
A993091,1559
A907782,1560
A915416,1560
A939670,1560
A981815,1560
A929431,1561
A933898,1561
A955616,1561
A974315,1561
A976836,1561
A986058,1561
A994211,1561
A938776,1562
A946445,1562
A948360,1562
A970888,1562
A973892,1562
A974176,1562
A993558,1562
A952525,1565
A954764,1565
A993909,1565
A906321,1566
A911537,1566
A913293,1566
A977620,1566
A993560,1566
A917529,1567
A921633,1567
A958945,1567
A987487,1567
A937475,1568
A975885,1568
A976491,1568
A919472,1569
A929751,1569
A929771,1569
A947137,1569
A947544,1569
A962299,1569
A997684,1569
A935984,1570
A942228,1570
A982334,1570
A918059,1571
A918124,1571
A938362,1571
A963149,1571
A973433,1571
A915852,1572
A919995,1572
A959286,1572
A971933,1572
A980083,1572
A911120,1573
A942952,1573
A944339,1573
A970015,1573
A981133,1573
A937725,1574
A948015,1574
A909177,1575
A941132,1575
A954154,1575
A968555,1575
A970203,1575
A990205,1575
A926651,1576
A946704,1576
A967548,1576
A987466,1576
A987639,1576
A910260,1577
A925258,1577
A958213,1577
A972897,1577
A983520,1577
A939297,1578
A996736,1578
A997909,1578
A911180,1579
A920336,1579
A928298,1579
A938548,1579
A940870,1579
A969350,1579
A906940,1580
A922409,1580
A942615,1580
A943272,1580
A945738,1580
A947748,1580
A963905,1580
A965437,1580
A905010,1581
A905320,1581
A920464,1581
A936202,1581
A943916,1581
A965512,1581
A981976,1581
A922294,1582
A936433,1582
A975585,1582
A981538,1582
A909680,1583
A923894,1583
A925247,1583
A934404,1583
A935391,1583
A944169,1583
A962124,1583
A981356,1583
A909904,1584
A932883,1584
A954578,1584
A970615,1584
A991328,1584
A909342,1586
A923169,1586
A939381,1586
A959515,1586
A976579,1586
A986974,1586
A997180,1586
A906338,1587
A906634,1587
A914623,1587
A970868,1587
A932268,1588
A947995,1588
A989828,1588
A994745,1588
A997573,1588
A909370,1589
A944621,1589
A906900,1590
A910240,1590
A916010,1590
A927896,1590
A948032,1590
A981122,1590
A987075,1590
A989080,1590
A912144,1591
A912344,1591
A924515,1591
A962186,1591
A990668,1591
A931248,1592
A942774,1592
A996923,1592
A945532,1593
A955617,1593
A978475,1593
A912507,1594
A924835,1594
A942960,1594
A943041,1594
A959855,1594
A961270,1594
A970904,1594
A982839,1594
A916387,1595
A919704,1595
A938034,1595
A946122,1595
A966288,1595
A986946,1595
A988578,1595
A938501,1596
A915795,1597
A922353,1597
A936490,1597
A949345,1597
A961513,1597
A969675,1597
A977517,1597
A997168,1597
A918873,1598
A925292,1598
A942948,1598
A950105,1598
A969413,1598
A987411,1598
A996245,1598
A966758,1599
A988479,1599
A994169,1599
A997900,1599
A908280,1600
A912593,1600
A920525,1600
A929250,1600
A980108,1600
A986722,1600
A997635,1601
A955447,1602
A981473,1602
A910692,1603
A942566,1603
A957306,1603
A975124,1603
A979445,1603
A983902,1603
A995871,1603
A914063,1604
A926823,1604
A935799,1604
A951016,1604
A971634,1604
A992394,1604
A996995,1604
A983478,1605
A948425,1606
A958133,1606
A972595,1606
A993692,1606
A915491,1607
A922863,1607
A991529,1607
A933265,1608
A952652,1608
A989429,1608
A939119,1609
A911037,1610
A929982,1610
A936656,1610
A964565,1610
A968272,1610
A981807,1610
A983703,1610
A905693,1611
A935332,1611
A938920,1611
A949415,1611
A951752,1611
A994311,1611
A942066,1612
A968902,1612
A915095,1613
A925576,1613
A937079,1613
A942821,1613
A973679,1613
A983021,1613
A912561,1614
A935768,1614
A940232,1614
A973963,1614
A994412,1614
A925651,1615
A970016,1615
A979206,1615
A981595,1615
A986620,1615
A988015,1615
A988877,1615
A992483,1615
A985852,1616
A905796,1617
A919728,1617
A928760,1617
A937582,1617
A942713,1617
A959469,1617
A981119,1617
A985674,1617
A986348,1617
A914275,1618
A951661,1618
A968227,1618
A968280,1618
A982500,1618
A932322,1619
A933738,1619
A938676,1619
A962882,1619
A983546,1619
A990296,1619
A998980,1619
A912470,1620
A917253,1620
A921589,1620
A945229,1620
A951907,1620
A974858,1620
A986803,1620
A995468,1620
A909692,1621
A919679,1621
A948886,1621
A962326,1621
A908757,1622
A993068,1622
A977451,1623
A978243,1623
A920190,1624
A930228,1624
A930529,1624
A946803,1624
A960604,1624
A967742,1624
A976522,1624
A988826,1624
A994827,1624
A911166,1625
A924894,1625
A930672,1625
A949545,1625
A963848,1625
A970881,1625
A980218,1625
A981028,1625
A916775,1626
A925681,1626
A926793,1626
A931696,1626
A940592,1626
A946852,1626
A947375,1626
A972924,1626
A974385,1626
A991292,1626
A996469,1626
A927980,1627
A931599,1627
A959110,1627
A994720,1627
A917759,1628
A945368,1628
A974089,1628
A984105,1628
A915752,1629
A933413,1629
A939998,1629
A940656,1629
A945035,1629
A987572,1629
A995415,1629
A910229,1630
A916329,1630
A959672,1630
A980500,1630
A930293,1631
A958562,1631
A963052,1631
A974438,1631
A941847,1632
A970181,1632
A909316,1633
A917685,1633
A960103,1633
A991859,1633
A992281,1633
A948420,1634
A977678,1634
A988380,1634
A919180,1635
A932855,1635
A979132,1635
A925488,1636
A944867,1636
A953911,1636
A955410,1636
A985907,1636
A993419,1636
A913604,1637
A927094,1637
A927130,1637
A943231,1637
A958042,1637
A959020,1637
A971400,1637
A978332,1637
A987459,1637
A988092,1637
A988463,1637
A993222,1637
A961851,1638
A973706,1638
A984267,1638
A996767,1638
A908704,1639
A938845,1639
A969297,1639
A979434,1639
A990830,1639
A991466,1639
A913935,1640
A916639,1640
A934171,1640
A952968,1640
A953555,1640
A990598,1640
A990939,1640
A915699,1641
A922416,1642
A973008,1642
A978183,1642
A981683,1642
A925708,1643
A933051,1643
A909873,1644
A915730,1644
A974557,1644
A975281,1644
A919569,1645
A948906,1645
A957644,1645
A973654,1645
A992928,1645
A908396,1646
A918228,1646
A933844,1646
A935673,1646
A939642,1646
A962257,1646
A973378,1646
A978334,1646
A997062,1646
A934433,1647
A937929,1647
A973261,1647
A979117,1647
A917293,1648
A923107,1648
A923752,1648
A930141,1648
A958355,1648
A966063,1648
A978659,1648
A919055,1649
A956141,1649
A971826,1649
A987863,1650
A932807,1651
A970022,1651
A982633,1651
A984447,1651
A930829,1652
A951812,1652
A906194,1653
A926384,1653
A929471,1653
A930339,1653
A937083,1653
A980272,1653
A984962,1653
A906733,1654
A917192,1654
A920175,1654
A991576,1654
A947191,1655
A976634,1655
A910059,1656
A967908,1656
A968848,1656
A952160,1657
A959622,1657
A940115,1658
A944799,1658
A906565,1659
A953862,1659
A956249,1659
A965195,1659
A969805,1659
A982544,1659
A988318,1659
A931137,1660
A935510,1660
A959155,1660
A966159,1660
A905986,1661
A931916,1661
A931934,1661
A961712,1661
A994391,1661
A964508,1662
A983206,1662
A985423,1662
A992892,1662
A909242,1663
A911648,1663
A917888,1663
A919603,1663
A924983,1663
A938729,1663
A993161,1663
A996159,1663
A996821,1663
A911844,1664
A912529,1664
A985083,1664
A996707,1664
A918431,1665
A940415,1665
A944108,1665
A952739,1665
A998382,1665
A908627,1666
A921541,1666
A937493,1666
A955688,1666
A976349,1666
A995703,1666
A912235,1667
A914414,1667
A985877,1667
A926003,1668
A949525,1668
A955771,1668
A969272,1668
A978877,1668
A907235,1669
A907561,1669
A919459,1669
A971572,1669
A975689,1669
A998449,1669
A924518,1670
A928770,1670
A964898,1670
A984165,1670
A986913,1670
A923866,1671
A963243,1671
A932715,1672
A945158,1672
A976907,1672
A910716,1673
A924171,1673
A929650,1673
A943258,1673
A959775,1673
A928836,1674
A935709,1674
A956369,1674
A964613,1674
A911473,1675
A913963,1675
A917115,1675
A953859,1675
A975013,1675
A992537,1675
A918780,1676
A923936,1676
A975027,1676
A978681,1676
A987507,1676
A914104,1677
A925125,1677
A933331,1677
A982347,1677
A928912,1678
A944900,1678
A949367,1678
A905307,1679
A936782,1679
A965888,1679
A984273,1679
A913911,1680
A914909,1680
A918638,1680
A922375,1680
A928345,1680
A942201,1680
A971136,1680
A972846,1680
A973751,1680
A980254,1680
A993429,1680
A994521,1680
A919491,1681
A956868,1681
A964774,1681
A964814,1681
A964852,1681
A972167,1681
A919343,1682
A924289,1682
A933626,1682
A956067,1682
A990243,1682
A914499,1683
A921027,1683
A926750,1683
A952180,1683
A959541,1683
A971988,1683
A972798,1683
A972991,1683
A974873,1683
A990753,1683
A997836,1683
A904838,1684
A908374,1684
A915475,1684
A952226,1684
A962808,1684
A981320,1684
A994299,1684
A965159,1685
A909629,1686
A909896,1686
A920139,1686
A933903,1686
A947650,1686
A962207,1686
A967796,1686
A982391,1686
A988396,1686
A915586,1687
A929150,1687
A941918,1687
A950427,1687
A955414,1687
A967984,1687
A973949,1687
A975477,1687
A980378,1687
A998005,1687
A910414,1688
A947926,1688
A971561,1688
A977544,1688
A980267,1688
A984278,1688
A915017,1689
A923846,1689
A932002,1689
A976661,1689
A986375,1689
A906347,1690
A919782,1690
A933921,1690
A938578,1690
A940643,1690
A941982,1690
A946131,1690
A959287,1690
A970209,1690
A979223,1690
A909151,1691
A911262,1691
A924227,1691
A946587,1691
A949322,1691
A959348,1691
A960072,1691
A966136,1691
A979941,1691
A990908,1691
A997113,1691
A922176,1692
A935171,1692
A940011,1692
A962392,1692
A966619,1692
A982139,1692
A983983,1692
A949446,1693
A963847,1693
A980580,1693
A993573,1693
A936223,1694
A962517,1694
A963067,1694
A913465,1695
B974620,1001
B987171,1001
B905160,1002
B907279,1002
B908788,1002
B909402,1002
B911881,1002
B917944,1002
B925465,1002
B951670,1002
B953475,1002
B967786,1002
B968877,1002
B981754,1002
B993908,1002
B995069,1002
B998346,1002
B903706,1003
B905534,1003
B905901,1003
B911517,1003
B936442,1003
B960483,1003
B965236,1003
B973594,1003
B985824,1003
B993984,1003
B996723,1003
B936301,1004
B965849,1004
B975805,1004
B954106,1005
B922336,1006
B967802,1006
B969641,1006
B900012,1007
B907251,1007
B930339,1007
B947685,1007
B916693,1008
B955001,1008
B986049,1008
B995469,1008
B909496,1009
B910983,1009
B929799,1009
B938716,1009
B939787,1009
B959258,1009
B968345,1009
B968839,1009
B973003,1009
B979102,1009
B992778,1009
B994941,1009
B907127,1010
B946381,1010
B905896,1011
B907507,1011
B948123,1011
B959083,1011
B965194,1011
B975785,1011
B977840,1011
B939117,1012
B980393,1012
B981383,1012
B983492,1012
B983783,1012
B943734,1013
B946771,1013
B902569,1014
B926699,1014
B927422,1014
B937491,1014
B940776,1014
B942781,1014
B974702,1014
B975219,1014
B992249,1014
B998260,1014
B953272,1015
B957725,1015
B910121,1016
B921900,1016
B942116,1016
B956044,1016
B898720,1017
B907776,1017
B940960,1017
B949208,1017
B975977,1017
B992050,1017
B901484,1018
B916573,1018
B917471,1018
B928529,1018
B929190,1018
B934589,1018
B939807,1018
B943715,1018
B945939,1018
B954167,1018
B899680,1019
B921486,1019
B943689,1019
B946937,1019
B966087,1019
B973261,1019
B923834,1020
B925559,1020
B929332,1020
B951712,1020
B955416,1020
B971242,1020
B980220,1020
B981558,1020
B995918,1020
B902671,1021
B924345,1021
B929065,1021
B935262,1021
B977323,1021
B938063,1022
B944357,1022
B973146,1022
B976489,1022
B977538,1022
B935424,1023
B942085,1023
B942319,1023
B955561,1023
B989497,1023
B992944,1023
B913675,1024
B914497,1024
B926639,1024
B934856,1024
B954781,1024
B963783,1024
B963997,1024
B993121,1024
B998479,1024
B898272,1025
B928175,1025
B936042,1025
B972120,1025
B984219,1025
B990778,1025
B992572,1025
B993339,1025
B904818,1026
B942841,1026
B947249,1026
B948822,1026
B949415,1026
B954891,1026
B938293,1027
B955211,1027
B955223,1027
B958325,1027
B960184,1027
B968607,1027
B991289,1027
B898527,1028
B911350,1028
B929814,1028
B932773,1028
B977853,1029
B901321,1030
B906906,1030
B908407,1030
B928070,1030
B955964,1030
B977642,1030
B986197,1030
B911373,1031
B956144,1031
B970152,1031
B937020,1032
B952436,1032
B967882,1032
B920534,1033
B980702,1033
B987175,1033
B995942,1033
B902743,1034
B932611,1034
B992068,1034
B995435,1034
B912820,1035
B925824,1035
B942021,1035
B967610,1035
B969695,1035
B972153,1035
B975704,1035
B983771,1035
B912063,1036
B940607,1036
B940948,1036
B998046,1036
B900198,1037
B923717,1037
B940983,1037
B946284,1037
B946936,1037
B959722,1037
B967156,1037
B998082,1037
B898688,1038
B916636,1038
B919193,1038
B920465,1038
B946659,1038
B957339,1038
B899921,1039
B974820,1039
B912029,1040
B962780,1040
B975689,1040
B986519,1040
B912430,1041
B935972,1041
B968208,1041
B974326,1041
B980723,1041
B905364,1042
B925825,1042
B925918,1042
B927836,1042
B939443,1042
B959117,1042
B962007,1042
B978334,1042
B990328,1042
B914422,1043
B916602,1043
B933806,1043
B941385,1043
B948496,1043
B976112,1043
B981502,1043
B986277,1043
B949975,1044
B996282,1044
B903935,1045
B923079,1045
B934782,1045
B956211,1045
B923103,1046
B954478,1046
B955457,1046
B960252,1046
B995874,1046
B911525,1047
B920434,1047
B944165,1047
B952865,1047
B956540,1047
B959345,1047
B963045,1047
B964662,1047
B989635,1047
B990702,1047
B902204,1048
B933248,1048
B945077,1048
B957323,1049
B994672,1049
B996662,1049
B899862,1050
B905586,1050
B908680,1050
B920861,1050
B944942,1050
B995723,1050
B911415,1051
B929698,1051
B931005,1051
B935362,1051
B953119,1051
B955021,1051
B970788,1051
B976526,1051
B901044,1052
B937299,1052
B941369,1052
B980859,1052
B904940,1053
B905047,1053
B929303,1053
B936075,1053
B947393,1053
B906409,1054
B912415,1054
B917535,1054
B966038,1054
B993689,1054
B920356,1055
B935098,1055
B962597,1055
B978284,1055
B994082,1055
B903530,1056
B903827,1056
B913672,1056
B930315,1056
B960502,1056
B962195,1056
B964154,1056
B970983,1056
B971223,1056
B981632,1056
B932699,1058
B953189,1058
B916710,1059
B983220,1059
B898890,1060
B903674,1060
B908210,1060
B936461,1060
B941863,1060
B952640,1060
B962563,1060
B939019,1061
B948857,1061
B955039,1061
B955114,1061
B910747,1062
B935534,1062
B943815,1062
B950187,1062
B911681,1063
B927947,1063
B936503,1063
B938397,1063
B951423,1063
B953765,1063
B963371,1063
B968486,1063
B972884,1063
B976156,1063
B985492,1063
B986287,1063
B993154,1063
B948117,1064
B948742,1064
B971369,1064
B996222,1064
B903730,1065
B925196,1065
B928015,1065
B984815,1065
B903600,1066
B923292,1066
B923921,1066
B939697,1066
B943376,1066
B950052,1066
B952280,1066
B983083,1066
B922577,1067
B923816,1067
B942376,1067
B966201,1067
B967950,1067
B973410,1067
B978662,1067
B986119,1067
B994780,1067
B998241,1067
B919119,1068
B950412,1068
B962247,1068
B963932,1068
B970228,1068
B982194,1068
B984545,1068
B899330,1069
B907278,1069
B920914,1069
B921405,1069
B929203,1069
B938531,1069
B949877,1069
B950940,1069
B951468,1069
B975730,1069
B976025,1069
B910363,1070
B916834,1070
B929007,1070
B963448,1070
B968724,1070
B989966,1070
B919821,1071
B921762,1071
B931027,1071
B932814,1071
B956804,1071
B974500,1071
B906170,1072
B930707,1072
B943893,1072
B952099,1072
B962912,1072
B984370,1072
B985654,1072
B997968,1072
B918584,1073
B940917,1073
B963114,1073
B969800,1073
B971288,1073
B910064,1074
B911711,1074
B914067,1074
B928544,1074
B936935,1074
B953149,1074
B962088,1074
B963938,1074
B975061,1074
B933407,1075
B937830,1075
B950268,1075
B977057,1075
B985121,1075
B927869,1076
B933596,1076
B936255,1076
B955804,1076
B963616,1076
B900577,1077
B919981,1077
B939380,1077
B965006,1077
B967328,1077
B971049,1077
B980466,1077
B992171,1077
B940247,1078
B949774,1078
B955072,1078
B970338,1078
B986628,1078
B929089,1079
B938524,1079
B943175,1079
B949945,1079
B960152,1079
B972532,1079
B981864,1079
B982950,1079
B984868,1079
B932694,1080
B936516,1080
B940261,1080
B968950,1080
B985223,1080
B997512,1080
B900417,1081
B921807,1081
B922935,1081
B943157,1081
B961294,1081
B968179,1081
B899052,1082
B899951,1082
B911011,1082
B916707,1082
B950834,1082
B952910,1082
B982545,1082
B989541,1082
B989563,1082
B998119,1082
B907467,1083
B933838,1083
B942925,1083
B948449,1083
B978900,1083
B900331,1084
B910259,1084
B937361,1084
B943578,1084
B945564,1084
B950180,1084
B952245,1084
B975840,1084
B980644,1084
B986446,1084
B987641,1084
B988957,1084
B906916,1085
B927272,1085
B930072,1085
B935222,1085
B985964,1085
B904057,1086
B926009,1086
B935873,1086
B980412,1086
B989854,1086
B910311,1087
B913731,1087
B918856,1087
B930335,1087
B943453,1087
B929086,1088
B932600,1088
B965293,1088
B899313,1089
B907773,1089
B911860,1089
B905891,1090
B912834,1090
B937185,1090
B942215,1090
B966141,1090
B982751,1090
B933865,1091
B964148,1091
B979536,1091
B965877,1092
B968394,1092
B996923,1092
B903303,1093
B907721,1093
B907905,1093
B917277,1093
B940330,1093
B941229,1093
B943299,1093
B954771,1093
B906632,1094
B913560,1094
B966599,1094
B900694,1095
B929457,1095
B930410,1095
B943941,1095
B968708,1095
B975256,1095
B901651,1096
B907806,1096
B912564,1096
B932009,1096
B932881,1096
B951233,1096
B986011,1096
B908632,1097
B910859,1097
B957409,1097
B960134,1097
B970976,1097
B978374,1097
B980279,1097
B906445,1098
B917077,1098
B969349,1098
B972685,1098
B904814,1099
B920065,1099
B926880,1099
B941675,1099
B956857,1099
B963773,1099
B983461,1099
B988693,1099
B901868,1100
B904748,1100
B915080,1100
B940429,1100
B942232,1100
B952624,1100
B953146,1100
B957731,1100
B985596,1100
B906220,1101
B919130,1101
B921652,1101
B926006,1101
B931361,1101
B938187,1101
B938590,1101
B950531,1101
B957757,1101
B977573,1101
B912578,1102
B928079,1102
B928218,1102
B960021,1102
B981761,1102
B931647,1103
B933114,1103
B937305,1103
B937353,1103
B953073,1103
B963129,1103
B968251,1103
B989462,1103
B915421,1104
B920669,1104
B924242,1104
B983162,1104
B902553,1105
B913184,1105
B917664,1105
B933810,1105
B948953,1105
B964115,1105
B967228,1105
B968368,1105
B980662,1105
B985819,1105
B898158,1106
B915895,1106
B919596,1106
B968070,1106
B975861,1106
B975026,1107
B985770,1107
B901147,1108
B946514,1108
B924046,1109
B924370,1109
B952185,1109
B960820,1109
B967536,1109
B971933,1109
B909205,1110
B911728,1110
B938177,1110
B939535,1110
B947385,1110
B964364,1110
B982702,1110
B898897,1111
B898969,1111
B899713,1111
B901784,1111
B902968,1111
B911967,1111
B935817,1111
B981183,1111
B925858,1112
B941481,1112
B973046,1112
B909425,1113
B923050,1113
B924679,1113
B931597,1113
B952171,1113
B953258,1113
B988100,1113
B998824,1113
B902281,1114
B924485,1114
B925183,1114
B946041,1114
B978021,1114
B978838,1114
B983175,1114
B930328,1115
B945541,1115
B949262,1115
B965528,1115
B932228,1116
B934192,1116
B950344,1116
B970591,1116
B980086,1116
B926875,1117
B963239,1117
B991408,1117
B994373,1117
B907837,1118
B933561,1118
B954654,1118
B963234,1118
B973199,1118
B975887,1118
B976303,1118
B976744,1118
B977488,1118
B993291,1118
B912420,1119
B931628,1119
B984258,1119
B916502,1120
B920506,1120
B920830,1120
B936359,1120
B947462,1120
B961172,1120
B973537,1120
B974403,1120
B978711,1120
B950878,1121
B967270,1121
B992532,1121
B934374,1122
B981578,1122
B910849,1123
B915894,1123
B919623,1123
B923996,1123
B935814,1123
B970202,1123
B970410,1123
B988181,1123
B902349,1124
B932186,1124
B946319,1124
B947809,1124
B948833,1124
B986875,1124
B913360,1125
B920939,1125
B943536,1125
B947124,1125
B971569,1125
B994904,1125
B920431,1126
B953265,1126
B971534,1126
B901877,1127
B931002,1127
B935697,1127
B967042,1127
B908426,1128
B983422,1128
B923968,1129
B939814,1129
B994950,1129
B899574,1130
B936701,1130
B944555,1130
B910587,1131
B961337,1131
B982269,1131
B924805,1132
B949887,1132
B962392,1132
B965082,1132
B974855,1132
B983820,1132
B992837,1132
B919244,1133
B921111,1133
B958341,1133
B959314,1133
B899274,1134
B905154,1134
B918202,1134
B946050,1135
B947747,1135
B974616,1135
B978043,1135
B982498,1135
B983367,1135
B984740,1135
B992336,1135
B902427,1137
B906506,1137
B982449,1137
B994678,1137
B904022,1138
B916462,1138
B933468,1138
B941191,1138
B967583,1138
B900703,1139
B902628,1139
B943781,1139
B954792,1139
B965445,1139
B967272,1139
B995162,1139
B921329,1140
B945486,1140
B948158,1140
B950162,1142
B910439,1143
B914007,1143
B920426,1143
B955676,1143
B966821,1143
B973296,1143
B974307,1143
B931507,1144
B972612,1144
B995121,1144
B997807,1144
B983830,1145
B911987,1146
B914131,1146
B927191,1146
B948947,1146
B951744,1146
B970406,1146
B985908,1146
B993686,1146
B996404,1146
B929011,1147
B966050,1147
B971403,1147
B983008,1147
B992750,1147
B994872,1147
B901645,1148
B914971,1148
B965550,1148
B965699,1148
B972201,1148
B993571,1149
B921644,1150
B930425,1150
B908665,1151
B939487,1151
B975063,1151
B986445,1151
B907681,1152
B966701,1152
B987194,1152
B991770,1152
B996463,1152
B998856,1152
B921217,1153
B925060,1153
B937798,1153
B944040,1153
B904617,1154
B905470,1154
B912399,1154
B935390,1154
B952253,1154
B974473,1154
B982877,1154
B985060,1154
B900601,1155
B906482,1155
B951666,1155
B933568,1156
B957169,1156
B971163,1156
B899395,1157
B899857,1157
B910384,1157
B917008,1157
B917818,1157
B936234,1157
B949988,1157
B956963,1157
B962012,1157
B968586,1157
B931955,1158
B936542,1158
B908045,1159
B939435,1159
B954520,1159
B960513,1159
B986863,1159
B990278,1159
B983973,1160
B939705,1161
B976840,1161
B977710,1161
B983459,1161
B903899,1162
B904304,1162
B936353,1162
B940961,1162
B958931,1162
B970250,1162
B913858,1163
B920798,1163
B923140,1163
B937196,1163
B963519,1163
B914744,1164
B925796,1164
B933344,1164
B951887,1164
B974255,1164
B983393,1164
B987982,1164
B988240,1164
B994616,1164
B906372,1165
B918838,1165
B936163,1165
B941088,1165
B941570,1165
B972740,1165
B983882,1165
B996858,1165
B902366,1166
B914264,1166
B933308,1166
B940329,1166
B941790,1166
B943778,1166
B954266,1166
B972797,1166
B981656,1166
B910208,1167
B924248,1167
B929423,1167
B924377,1168
B941373,1168
B948389,1168
B986857,1168
B989654,1168
B906755,1169
B918701,1169
B962335,1169
B984534,1169
B903548,1170
B909316,1170
B926531,1170
B927915,1170
B965672,1170
B980590,1170
B986841,1170
B990457,1170
B994652,1170
B996465,1170
B900507,1171
B910707,1171
B913879,1171
B939437,1171
B952763,1171
B970180,1171
B985231,1171
B904039,1172
B921228,1172
B925883,1172
B931146,1172
B945074,1172
B959094,1172
B973539,1172
B987173,1172
B962530,1173
B905277,1174
B913677,1174
B939873,1174
B950469,1174
B958368,1174
B959168,1174
B970948,1174
B980207,1174
B980866,1174
B902647,1175
B971587,1175
B982341,1175
B898971,1176
B908662,1176
B916519,1176
B931389,1176
B932126,1176
B941253,1176
B955947,1176
B967350,1176
B945146,1177
B936370,1178
B942082,1178
B947831,1178
B951491,1178
B958613,1178
B986916,1178
B993316,1178
B916066,1179
B935648,1179
B959535,1179
B974670,1179
B930094,1180
B930174,1180
B943067,1180
B951854,1180
B952025,1180
B957402,1180
B918061,1181
B936765,1181
B938330,1181
B980784,1181
B983804,1181
B912168,1182
B916253,1182
B926562,1182
B940108,1182
B946151,1182
B957159,1182
B971897,1182
B979801,1183
B935977,1184
B958595,1184
B962322,1184
B903931,1185
B972446,1185
B911652,1186
B922766,1186
B935863,1186
B955207,1186
B960057,1186
B960491,1186
B985560,1186
B924608,1187
B947134,1187
B976300,1187
B978486,1187
B992093,1187
B993587,1187
B902713,1188
B949498,1188
B974772,1188
B977390,1188
B982183,1188
B984123,1188
B903150,1189
B957978,1189
B984611,1190
B919871,1191
B947442,1191
B963121,1191
B905305,1192
B909763,1192
B981612,1192
B928390,1193
B943218,1193
B960500,1193
B963366,1193
B929719,1194
B933352,1194
B937021,1194
B939422,1194
B941205,1194
B954296,1194
B957161,1194
B898289,1195
B922530,1195
B942364,1195
B971468,1195
B973128,1195
B975416,1195
B998353,1195
B913573,1196
B915213,1196
B921366,1196
B946512,1196
B980604,1196
B982185,1196
B989328,1196
B924802,1197
B925000,1197
B948609,1197
B949057,1197
B964361,1197
B966060,1197
B986839,1197
B994795,1197
B994823,1197
B914936,1198
B920209,1198
B982757,1198
B910282,1199
B935632,1199
B953322,1199
B959914,1199
B972162,1199
B972390,1199
B905165,1200
B931622,1200
B943249,1200
B904370,1201
B904569,1201
B912977,1201
B913296,1201
B919838,1201
B924584,1201
B955202,1201
B958203,1201
B976431,1201
B989375,1201
B904788,1202
B957307,1202
B942839,1203
B950197,1203
B953015,1203
B957894,1203
B958041,1203
B961852,1203
B986108,1203
B898292,1204
B901020,1204
B901402,1204
B901999,1204
B911529,1204
B917451,1204
B921332,1204
B923631,1204
B925666,1204
B936819,1204
B947818,1204
B968753,1204
B978942,1204
B984086,1204
B984845,1204
B986081,1204
B990130,1204
B992960,1204
B917453,1205
B966191,1205
B995030,1205
B911774,1206
B917854,1206
B972333,1207
B912665,1208
B949845,1208
B966687,1208
B978248,1208
B988796,1208
B992541,1208
B936304,1209
B961837,1209
B968304,1209
B975397,1209
B984360,1209
B991375,1209
B907116,1210
B925817,1210
B948014,1210
B917993,1211
B918568,1211
B912469,1212
B925370,1212
B952907,1212
B984193,1212
B986244,1212
B975555,1213
B922898,1214
B944826,1214
B945094,1214
B963682,1214
B969871,1214
B970754,1214
B972356,1214
B979796,1214
B982095,1214
B901447,1215
B908176,1215
B925359,1215
B936874,1215
B955636,1215
B957148,1215
B972879,1215
B984466,1215
B992545,1215
B898964,1216
B906166,1216
B908283,1216
B923666,1216
B943301,1216
B950030,1216
B981608,1216
B941884,1217
B955337,1217
B961535,1217
B981630,1217
B903987,1218
B974513,1219
B998180,1219
B901754,1220
B907340,1220
B950820,1220
B966269,1220
B900652,1221
B905565,1221
B927288,1221
B940262,1222
B946021,1222
B949677,1222
B976011,1222
B982223,1222
B997105,1222
B950031,1223
B962681,1223
B969557,1223
B994833,1223
B917377,1224
B918441,1224
B931394,1224
B932890,1224
B991797,1224
B922940,1225
B935712,1225
B945789,1225
B950123,1225
B959926,1225
B987191,1225
B902977,1226
B908001,1226
B915970,1226
B954236,1226
B924147,1227
B934566,1227
B985696,1227
B901431,1228
B926827,1228
B940096,1228
B988028,1228
B988952,1228
B913420,1229
B913479,1229
B918403,1229
B927685,1229
B938825,1229
B968003,1229
B992444,1229
B996400,1229
B907605,1230
B961447,1230
B965740,1230
B994723,1230
B909793,1231
B919775,1231
B931930,1231
B953316,1231
B978372,1231
B980840,1231
B901943,1232
B903572,1232
B943469,1232
B960219,1232
B990986,1232
B929325,1233
B933994,1233
B917858,1234
B918888,1234
B920862,1234
B952598,1234
B973953,1234
B978251,1234
B991850,1234
B935651,1235
B936309,1235
B937721,1235
B960906,1235
B968943,1235
B980130,1235
B984116,1235
B900811,1236
B917231,1236
B975266,1236
B994990,1236
B917653,1237
B926174,1237
B945419,1237
B950398,1237
B973076,1237
B902524,1238
B988109,1238
B904028,1239
B956789,1239
B958408,1239
B960772,1239
B961364,1239
B903591,1240
B914577,1240
B915888,1240
B930709,1240
B933534,1240
B956572,1240
B976748,1240
B977526,1240
B979219,1240
B906552,1241
B930832,1241
B949429,1241
B950859,1241
B992530,1241
B996639,1241
B910278,1242
B925093,1242
B958033,1242
B970520,1242
B973621,1242
B925253,1243
B990482,1243
B975216,1244
B982450,1244
B928414,1245
B931967,1245
B942706,1245
B953792,1245
B958186,1245
B967106,1245
B944619,1246
B964822,1246
B992351,1246
B998897,1246
B927519,1247
B931043,1247
B932405,1247
B941729,1247
B933253,1248
B898701,1249
B906721,1249
B918497,1249
B928435,1249
B945382,1249
B953456,1249
B975732,1249
B983049,1249
B988961,1249
B990926,1249
B995782,1249
B899750,1250
B901628,1250
B904259,1250
B912103,1250
B915342,1250
B949209,1250
B962829,1250
B972488,1250
B994945,1250
B998445,1250
B922250,1251
B923212,1251
B958227,1251
B953716,1252
B956112,1252
B958213,1252
B949489,1253
B978014,1253
B979079,1253
B911379,1254
B963939,1254
B995538,1254
B967920,1255
B972714,1255
B980147,1255
B917315,1256
B925039,1256
B991646,1256
B927593,1257
B932430,1257
B991200,1257
B925154,1258
B929392,1258
B956156,1258
B905191,1259
B935559,1259
B941586,1259
B946055,1259
B953114,1259
B899067,1260
B930851,1260
B964276,1260
B969104,1260
B970770,1260
B978318,1260
B979691,1260
B980007,1260
B983215,1260
B914654,1261
B928586,1261
B932212,1261
B952108,1261
B905135,1262
B917655,1262
B918055,1262
B932832,1262
B954750,1262
B968798,1262
B906766,1263
B913503,1263
B920357,1263
B936729,1263
B954933,1263
B958609,1263
B902092,1264
B946595,1264
B952437,1264
B974751,1264
B989763,1264
B925225,1265
B942581,1265
B968140,1265
B983575,1265
B922290,1266
B931470,1266
B941066,1266
B982343,1266
B993391,1266
B898501,1267
B910043,1267
B988039,1267
B939553,1268
B944634,1268
B972386,1268
B976403,1268
B916518,1269
B924781,1269
B958614,1269
B910376,1270
B929018,1270
B944058,1270
B945448,1270
B946033,1270
B955602,1270
B983291,1270
B983982,1270
B985981,1270
B989482,1270
B914884,1271
B916396,1271
B936912,1271
B946620,1271
B956522,1271
B995527,1271
B911799,1272
B918522,1272
B942202,1272
B959948,1272
B974758,1272
B983946,1272
B986665,1272
B994813,1272
B998831,1272
B899742,1273
B915847,1273
B922082,1273
B931300,1273
B943083,1273
B943539,1273
B951777,1273
B971211,1273
B975690,1273
B993234,1274
B997360,1274
B906280,1275
B925336,1275
B933414,1275
B936420,1275
B898681,1276
B909610,1276
B912016,1276
B916949,1276
B951388,1276
B952904,1276
B961150,1276
B973743,1276
B931400,1277
B944256,1277
B945956,1277
B967204,1277
B992918,1277
B933052,1278
B939113,1278
B959556,1278
B975405,1278
B994172,1278
B904314,1279
B905956,1279
B933089,1279
B947635,1279
B911519,1280
B976455,1280
B981748,1280
B913195,1282
B921448,1282
B927770,1282
B941075,1282
B953028,1282
B961072,1282
B964735,1282
B968627,1282
B991836,1282
B911235,1283
B928607,1283
B936814,1283
B940378,1283
B947316,1283
B987994,1283
B908838,1284
B912972,1284
B913369,1284
B946894,1284
B956501,1284
B960249,1284
B960776,1284
B969117,1284
B994531,1284
B918182,1285
B918739,1285
B951392,1285
B957929,1285
B967300,1285
B977224,1285
B923869,1286
B938456,1286
B899970,1287
B953335,1287
B910216,1288
B921783,1288
B931946,1288
B996689,1288
B900043,1289
B913417,1289
B940913,1289
B965674,1289
B983471,1289
B906501,1290
B931046,1290
B981877,1290
B987492,1290
B976775,1291
B928345,1292
B945696,1292
B956047,1292
B910197,1293
B927960,1293
B958382,1293
B964013,1293
B993007,1294
B997013,1294
B901719,1295
B910817,1295
B917732,1295
B939788,1295
B950028,1295
B951017,1295
B957603,1295
B965040,1295
B980895,1295
B984261,1295
B993489,1295
B899193,1296
B912472,1296
B928474,1296
B953726,1296
B972318,1296
B917224,1297
B940937,1297
B972820,1297
B982130,1297
B939770,1298
B969971,1298
B979704,1298
B991342,1298
B967595,1299
B992584,1299
B921313,1300
B927004,1300
B954529,1300
B958172,1300
B995715,1300
B915227,1301
B937546,1301
B972033,1301
B981948,1301
B998225,1301
B927372,1302
B962882,1302
B951367,1303
B953977,1303
B954443,1303
B965141,1303
B979266,1303
B983398,1303
B992981,1303
B908718,1304
B914779,1304
B915615,1304
B917403,1304
B945599,1304
B957333,1304
B991642,1304
B995237,1304
B908421,1305
B946784,1305
B959859,1305
B964007,1305
B986881,1305
B998335,1305
B910664,1306
B958111,1306
B981452,1306
B920694,1307
B899892,1308
B901466,1308
B969979,1308
B974245,1308
B914913,1309
B932321,1309
B958039,1309
B968620,1309
B986017,1309
B901014,1310
B919685,1310
B942974,1310
B949902,1310
B957940,1310
B990563,1310
B995423,1310
B923942,1311
B932412,1311
B933569,1311
B959971,1311
B967057,1311
B971863,1311
B976228,1311
B969879,1312
B994506,1312
B908482,1313
B987338,1313
B901182,1314
B901569,1314
B987405,1314
B991383,1314
B994907,1314
B904519,1315
B906856,1315
B912623,1315
B953465,1315
B972322,1315
B996290,1315
B957518,1316
B914605,1317
B928137,1317
B941317,1317
B922129,1319
B937049,1319
B918624,1320
B969464,1320
B906996,1321
B918680,1321
B925608,1321
B972152,1321
B973994,1321
B902250,1322
B920438,1322
B905111,1323
B952860,1323
B993700,1323
B899018,1324
B903813,1324
B907447,1324
B933235,1324
B933315,1324
B938454,1324
B970428,1324
B976055,1324
B979797,1324
B981828,1324
B982927,1324
B904835,1325
B906286,1325
B917548,1325
B930719,1325
B936021,1325
B949921,1325
B962394,1325
B988809,1325
B996057,1325
B913271,1326
B956342,1326
B898274,1327
B901776,1327
B921058,1327
B926238,1327
B931481,1327
B937622,1327
B938227,1327
B950063,1327
B955477,1327
B977813,1327
B980027,1327
B987555,1327
B921846,1328
B935541,1328
B989503,1328
B993094,1328
B998854,1328
B944875,1330
B947173,1330
B981805,1330
B988507,1330
B905635,1331
B922881,1331
B951732,1331
B971053,1331
B974720,1331
B997863,1331
B988192,1332
B923639,1333
B927336,1333
B925070,1334
B925967,1334
B941431,1334
B963844,1334
B936903,1335
B937411,1335
B965454,1335
B935562,1336
B956621,1336
B970512,1336
B907027,1337
B919791,1337
B924283,1337
B929227,1337
B954453,1337
B961576,1337
B964561,1337
B970144,1337
B970877,1337
B988489,1337
B995700,1337
B997586,1337
B923063,1338
B937634,1338
B987863,1338
B997098,1338
B909183,1339
B942484,1339
B991768,1339
B908810,1340
B913274,1340
B963542,1340
B913732,1341
B940477,1341
B948169,1341
B953662,1341
B982946,1341
B983166,1341
B982261,1342
B941722,1343
B902673,1344
B919690,1344
B934895,1344
B935436,1344
B937008,1344
B950686,1344
B974010,1344
B905443,1345
B919029,1345
B932515,1345
B933325,1345
B937230,1345
B938688,1345
B947974,1345
B966578,1345
B966873,1345
B980552,1345
B981177,1345
B989242,1345
B989335,1345
B992769,1345
B995751,1345
B898677,1346
B904641,1346
B934896,1346
B952738,1346
B900156,1347
B908354,1347
B933484,1347
B951359,1347
B955755,1347
B961888,1347
B967898,1347
B975453,1347
B978560,1347
B987241,1347
B996398,1347
B899485,1348
B921406,1348
B950012,1348
B958508,1348
B974597,1348
B981663,1348
B990212,1348
B991888,1348
B901608,1349
B905900,1349
B918374,1349
B920253,1349
B965651,1349
B994181,1349
B912729,1350
B915915,1350
B918395,1350
B920616,1350
B946246,1350
B980693,1350
B931130,1351
B968375,1351
B969144,1351
B988811,1351
B991485,1351
B904085,1352
B912985,1352
B968354,1352
B984452,1352
B986983,1352
B920743,1353
B945182,1353
B964103,1353
B973877,1353
B981312,1353
B935618,1354
B942020,1354
B965349,1354
B980438,1354
B964180,1355
B916482,1356
B926141,1356
B936307,1356
B937999,1356
B939551,1356
B940022,1356
B950923,1356
B906105,1357
B910690,1357
B971503,1357
B989754,1357
B991951,1357
B904552,1358
B922109,1358
B930121,1358
B958739,1358
B977149,1358
B996129,1358
B908897,1359
B912521,1359
B984211,1359
B983020,1360
B947761,1361
B965290,1361
B996453,1361
B945123,1362
B953156,1362
B974692,1362
B947521,1363
B961083,1363
B972636,1363
B994356,1363
B925535,1365
B953926,1365
B962342,1365
B962583,1365
B998171,1365
B903568,1366
B908235,1366
B920513,1366
B928187,1366
B945716,1366
B958651,1367
B976258,1367
B978382,1367
B978509,1367
B903249,1368
B906645,1368
B910944,1368
B918524,1368
B932655,1368
B946391,1368
B960473,1368
B969794,1368
B898859,1369
B904895,1369
B907344,1369
B907992,1369
B927730,1369
B941046,1369
B948709,1369
B964660,1369
B971935,1369
B972873,1369
B986625,1369
B990739,1369
B911904,1370
B920505,1370
B923693,1370
B971638,1370
B984227,1370
B898896,1371
B901458,1371
B902369,1371
B903649,1371
B921675,1371
B912163,1372
B948755,1372
B957840,1372
B909794,1373
B954046,1373
B956718,1373
B995623,1373
B997642,1373
B899802,1374
B927724,1374
B980700,1374
B994763,1374
B998579,1374
B916093,1375
B923762,1375
B934375,1375
B945100,1375
B966063,1375
B981172,1375
B985850,1375
B986702,1375
B914298,1376
B917764,1376
B919313,1376
B975065,1376
B975595,1376
B989171,1376
B997227,1376
B997820,1376
B926281,1377
B928465,1377
B935548,1377
B935810,1377
B945064,1377
B965611,1377
B978718,1377
B981561,1377
B984568,1377
B986335,1377
B909782,1378
B910457,1378
B914391,1378
B937753,1378
B964880,1378
B914169,1379
B991464,1379
B911129,1380
B920392,1380
B937019,1380
B958073,1380
B959746,1380
B903648,1381
B930184,1381
B957822,1381
B975793,1381
B991106,1381
B991347,1381
B923272,1382
B971581,1382
B990994,1382
B996499,1382
B924680,1383
B989373,1383
B903870,1384
B912587,1384
B913160,1384
B942759,1384
B959966,1384
B938247,1385
B944470,1385
B974080,1385
B905984,1386
B930677,1386
B937096,1386
B954149,1386
B979833,1386
B991787,1386
B915913,1387
B919609,1387
B926366,1387
B941937,1387
B954472,1387
B969923,1387
B905944,1388
B920874,1388
B924928,1388
B956798,1388
B959271,1388
B971316,1388
B988766,1388
B912869,1389
B931336,1389
B958470,1389
B959261,1389
B965422,1389
B985407,1389
B998420,1389
B917145,1390
B925804,1391
B945141,1391
B950391,1391
B954032,1391
B957699,1391
B969669,1391
B992665,1391
B906860,1392
B908738,1392
B916020,1392
B926774,1392
B927609,1392
B932526,1392
B965517,1392
B967294,1392
B988389,1392
B912778,1393
B921376,1393
B942996,1393
B955028,1393
B986707,1393
B899411,1394
B918628,1394
B921584,1394
B994790,1394
B909253,1395
B916189,1395
B930244,1395
B998807,1395
B898585,1396
B905167,1396
B905904,1396
B912957,1396
B913558,1396
B921420,1396
B922391,1396
B939716,1396
B942816,1396
B957892,1396
B973541,1396
B977918,1396
B998534,1396
B927583,1397
B947386,1397
B946755,1398
B949804,1398
B956107,1398
B962108,1398
B965191,1398
B966110,1398
B980871,1398
B996322,1398
B902808,1399
B944354,1399
B948725,1399
B955250,1399
B958309,1399
B959256,1399
B923461,1400
B934465,1400
B947283,1400
B966308,1400
B980384,1400
B991090,1400
B903152,1401
B941341,1401
B947568,1401
B953952,1401
B963709,1401
B967935,1401
B973188,1401
B899508,1402
B912465,1402
B915254,1402
B937705,1402
B951318,1402
B973650,1402
B988257,1402
B924148,1403
B925746,1403
B948954,1403
B957298,1403
B993219,1403
B996892,1403
B905001,1404
B916816,1404
B917618,1404
B920718,1404
B944588,1404
B953471,1404
B965828,1404
B900260,1405
B902738,1405
B932393,1405
B968670,1405
B907057,1406
B920159,1406
B957778,1406
B984145,1406
B986045,1406
B924880,1407
B930399,1407
B932884,1407
B955940,1407
B981262,1407
B948154,1408
B909324,1409
B971968,1409
B898134,1410
B907074,1410
B926995,1410
B975998,1410
B988579,1410
B960362,1411
B976877,1411
B992244,1411
B917605,1412
B998538,1412
B914435,1413
B919847,1413
B928487,1413
B937948,1413
B938181,1413
B939514,1413
B970702,1413
B982190,1413
B902965,1414
B934152,1414
B953134,1414
B965598,1414
B986715,1414
B995602,1414
B899888,1415
B928095,1415
B936216,1415
B955214,1415
B977275,1415
B991761,1415
B921207,1416
B922550,1416
B982452,1416
B920734,1417
B943005,1417
B899665,1418
B901052,1418
B974675,1418
B984833,1418
B986180,1418
B991576,1418
B991742,1418
B993115,1418
B904273,1419
B924764,1419
B926127,1419
B930472,1419
B947989,1419
B956842,1419
B990329,1419
B951130,1420
B967576,1420
B975893,1420
B990585,1420
B918219,1421
B923093,1421
B929137,1421
B934674,1421
B953205,1421
B965659,1421
B967317,1421
B972555,1421
B908099,1422
B925855,1422
B956280,1422
B965574,1422
B990379,1422
B916007,1423
B923253,1423
B976047,1423
B979878,1423
B981618,1423
B984196,1423
B986814,1423
B989872,1423
B925063,1424
B950999,1424
B997851,1424
B933437,1425
B906138,1426
B938656,1426
B943100,1426
B965976,1426
B988408,1426
B899030,1427
B961063,1427
B968855,1427
B971455,1427
B940304,1428
B969572,1428
B971190,1428
B899559,1429
B915022,1429
B936407,1429
B937763,1429
B948867,1429
B951068,1429
B973101,1429
B994573,1429
B998378,1429
B900509,1430
B915133,1430
B922284,1430
B952577,1430
B955527,1430
B963687,1430
B978578,1430
B996080,1430
B929673,1431
B956846,1431
B963511,1431
B987473,1431
B991980,1431
B994858,1431
B899616,1432
B924240,1432
B945642,1432
B946616,1432
B953623,1432
B969753,1432
B970072,1432
B983081,1432
B989027,1432
B900237,1433
B918006,1433
B920293,1433
B951635,1433
B899734,1434
B909999,1434
B907738,1435
B929110,1435
B974452,1435
B985017,1435
B993327,1435
B998648,1435
B899722,1436
B931070,1436
B945507,1436
B951741,1436
B961632,1436
B962450,1436
B982535,1436
B984113,1436
B991325,1436
B920205,1437
B962089,1437
B985086,1437
B985360,1437
B987140,1437
B907648,1438
B924813,1438
B930589,1438
B936979,1438
B959279,1438
B961622,1438
B971786,1438
B977970,1438
B982828,1438
B905184,1439
B905882,1439
B917000,1439
B922445,1439
B927345,1439
B930128,1439
B982524,1439
B989774,1439
B992977,1439
B993651,1439
B996883,1439
B929290,1440
B933991,1440
B980695,1440
B984005,1440
B984301,1440
B913228,1441
B940438,1441
B947750,1441
B940696,1442
B909075,1443
B925528,1443
B949161,1443
B959810,1443
B980568,1443
B980694,1443
B922213,1444
B924060,1444
B932836,1444
B953535,1444
B953672,1444
B968297,1444
B989433,1444
B898203,1445
B900232,1445
B909776,1445
B932184,1445
B940340,1445
B947365,1445
B958464,1445
B980833,1445
B961208,1446
B975054,1446
B922585,1447
B946719,1447
B947632,1447
B974329,1447
B960155,1448
B973986,1448
B903287,1449
B990014,1449
B995068,1449
B939206,1450
B987032,1450
B906141,1451
B918164,1451
B921039,1451
B932798,1451
B947888,1451
B969549,1451
B922633,1452
B931040,1452
B949656,1452
B980719,1452
B921372,1453
B939884,1453
B979433,1455
B986718,1455
B993069,1455
B905645,1456
B943219,1456
B947920,1456
B953532,1456
B974222,1456
B966591,1457
B965818,1458
B994093,1458
B899437,1459
B926473,1459
B989880,1459
B976240,1460
B982129,1460
B993656,1460
B997570,1460
B907965,1461
B950913,1461
B991748,1461
B905542,1462
B932999,1462
B943042,1462
B982653,1462
B983155,1462
B994206,1462
B920758,1463
B921621,1463
B936337,1463
B986236,1463
B902944,1464
B930743,1464
B954056,1464
B900068,1465
B944279,1465
B949775,1465
B963691,1465
B975066,1465
B991224,1465
B973915,1466
B929827,1467
B930610,1467
B955441,1467
B980031,1467
B989175,1467
B940919,1468
B941403,1468
B963210,1468
B963697,1468
B989652,1468
B899807,1469
B911016,1469
B953754,1469
B978859,1469
B979334,1469
B983383,1469
B903745,1470
B905689,1470
B900892,1471
B967386,1471
B978744,1471
B923141,1472
B923678,1472
B928744,1472
B940674,1472
B967250,1472
B990238,1472
B994213,1472
B910335,1473
B917439,1473
B986706,1473
B988199,1473
B899299,1474
B899858,1474
B907470,1474
B913689,1474
B926406,1474
B942180,1474
B943997,1474
B952751,1474
B988908,1474
B942213,1475
B965716,1475
B990203,1475
B902331,1476
B917493,1476
B935658,1476
B940895,1476
B952635,1476
B972360,1476
B990395,1476
B914773,1477
B939974,1477
B949572,1477
B974450,1477
B986064,1477
B898999,1478
B899265,1478
B911010,1478
B921062,1478
B951513,1478
B967668,1478
B930394,1479
B956301,1479
B917142,1480
B927817,1480
B972627,1480
B979741,1480
B913664,1481
B917539,1481
B919150,1481
B935490,1481
B950215,1481
B950254,1481
B961106,1481
B986760,1481
B994430,1481
B996420,1481
B966057,1482
B987043,1482
B958498,1483
B932576,1484
B950218,1484
B972509,1484
B906564,1485
B918184,1485
B929465,1485
B932616,1485
B972132,1485
B924165,1486
B950047,1486
B957361,1486
B968173,1486
B971179,1486
B899120,1487
B918823,1487
B937000,1487
B953669,1487
B956601,1487
B976365,1487
B902867,1488
B989301,1488
B900998,1489
B906078,1489
B920036,1489
B928883,1489
B965935,1489
B898411,1490
B904600,1490
B936308,1490
B942831,1490
B944182,1490
B955935,1490
B966061,1490
B913334,1491
B918703,1491
B933076,1491
B901127,1492
B929156,1492
B929795,1492
B948553,1492
B966202,1492
B966543,1492
B989386,1492
B906435,1493
B921819,1493
B926374,1493
B944243,1493
B948548,1493
B951547,1493
B951775,1493
B958122,1493
B962796,1493
B965476,1493
B925469,1494
B934708,1494
B947936,1494
B953496,1494
B960044,1494
B965347,1494
B991388,1494
B997469,1494
B903881,1496
B941030,1496
B943700,1496
B951038,1496
B955925,1496
B960985,1496
B971379,1496
B975952,1496
B994653,1496
B920872,1497
B927310,1497
B969832,1497
B996390,1497
B997117,1497
B910285,1498
B915383,1498
B944192,1498
B899400,1499
B925826,1499
B947964,1499
B958863,1499
B990894,1499
B919892,1500
B927533,1500
B938089,1500
B948250,1500
B959936,1500
B983502,1500
B984658,1500
B995610,1500
B995998,1500
B906943,1501
B910734,1501
B953947,1501
B961419,1501
B964145,1501
B974427,1501
B976607,1501
B928145,1502
B963748,1502
B972992,1502
B984742,1502
B991109,1502
B900152,1503
B914712,1503
B931012,1503
B935032,1503
B939975,1503
B973676,1503
B988804,1503
B918146,1504
B918835,1504
B920469,1504
B962541,1504
B984235,1504
B986912,1504
B899945,1505
B924203,1505
B927695,1505
B959158,1505
B996926,1505
B978848,1506
B924359,1507
B924861,1507
B941442,1507
B949504,1507
B914129,1508
B957990,1508
B977074,1508
B990501,1508
B906427,1509
B908143,1509
B921910,1509
B954242,1509
B963435,1509
B997674,1509
B915711,1510
B921198,1510
B929933,1510
B959588,1510
B973371,1510
B995867,1510
B996132,1510
B899321,1511
B915669,1511
B936043,1511
B973116,1511
B980529,1511
B985826,1511
B904840,1512
B921206,1512
B935630,1512
B950692,1512
B957352,1512
B964004,1512
B983848,1512
B994938,1512
B903767,1513
B910286,1513
B911700,1513
B941853,1513
B944907,1513
B960310,1513
B989260,1513
B990391,1513
B991135,1513
B996707,1513
B930246,1514
B983674,1514
B908845,1515
B910606,1515
B923853,1515
B946359,1515
B969758,1515
B985033,1515
B904916,1516
B906685,1516
B911988,1516
B950970,1516
B989633,1516
B994334,1516
B911079,1517
B965671,1517
B976182,1517
B980430,1517
B987089,1517
B919725,1518
B984244,1518
B995613,1518
B932916,1519
B935379,1520
B979680,1520
B981243,1520
B931215,1521
B974091,1521
B984111,1521
B920657,1522
B947296,1522
B991132,1522
B992922,1522
B900838,1523
B969502,1523
B988355,1523
B903366,1524
B943572,1524
B947838,1525
B962239,1525
B980561,1525
B981972,1525
B993778,1525
B900305,1526
B903632,1526
B909476,1526
B909927,1526
B918240,1526
B930480,1526
B936098,1526
B943798,1526
B948721,1526
B972872,1526
B989937,1526
B994498,1526
B898262,1527
B906866,1527
B934781,1527
B955893,1527
B990284,1527
B992435,1527
B960322,1528
B971052,1528
B977063,1528
B926085,1529
B943486,1529
B979262,1529
B997286,1529
B910714,1530
B911776,1530
B938287,1530
B957973,1530
B972502,1530
B916327,1531
B959185,1531
B972143,1531
B907102,1532
B910272,1532
B920845,1532
B951515,1532
B953842,1532
B981648,1532
B997734,1532
B998310,1532
B899357,1533
B914076,1533
B934929,1533
B955779,1533
B958821,1533
B970823,1533
B981533,1533
B986117,1533
B925366,1534
B928158,1534
B932353,1534
B947717,1534
B958355,1534
B989468,1534
B931585,1535
B960371,1535
B968979,1535
B983321,1536
B900000,1537
B938228,1537
B958331,1537
B934345,1538
B936106,1538
B944406,1538
B949118,1538
B955327,1538
B965453,1538
B976543,1538
B898956,1539
B922672,1539
B943111,1539
B994200,1539
B912180,1540
B923199,1540
B940190,1540
B945299,1540
B952045,1540
B953141,1540
B980692,1540
B991865,1540
B906622,1541
B908078,1541
B922501,1541
B931745,1541
B940292,1541
B949830,1541
B987948,1541
B928518,1542
B938264,1542
B958513,1542
B991096,1542
B913222,1543
B969287,1543
B912998,1544
B919465,1544
B940060,1544
B979032,1544
B981897,1544
B996952,1544
B905816,1545
B941355,1545
B929310,1546
B931412,1546
B939427,1546
B946207,1546
B969432,1546
B990096,1546
B929578,1547
B929717,1547
B898901,1548
B912873,1548
B920779,1548
B944005,1548
B951644,1548
B906304,1549
B912655,1549
B919342,1549
B953382,1549
B958315,1549
B959853,1549
B979016,1549
B995136,1549
B905794,1550
B909600,1550
B911744,1550
B922929,1550
B941839,1550
B946459,1550
B958293,1550
B974915,1550
B977062,1550
B912376,1551
B929537,1551
B984666,1551
B902322,1552
B914050,1552
B917884,1552
B936681,1552
B950234,1552
B967852,1552
B971773,1552
B992466,1552
B909759,1553
B915547,1553
B916836,1553
B955605,1553
B977713,1553
B989317,1553
B996631,1553
B903015,1554
B926446,1554
B934481,1554
B937880,1554
B941279,1554
B943386,1554
B952068,1554
B963582,1554
B969953,1554
B909808,1555
B910581,1555
B917758,1555
B968295,1555
B971012,1555
B975745,1555
B980508,1555
B985746,1555
B987125,1555
B931692,1556
B966991,1556
B978193,1556
B982668,1556
B983118,1556
B908750,1557
B920554,1557
B922921,1557
B962599,1557
B971760,1557
B898438,1558
B945235,1558
B952321,1558
B956163,1558
B957074,1558
B983903,1558
B900289,1559
B903836,1559
B908207,1559
B923581,1559
B925086,1559
B930845,1559
B934616,1559
B951580,1559
B958616,1559
B971043,1559
B980666,1559
B916015,1560
B970134,1560
B987993,1560
B913996,1561
B916234,1561
B967389,1561
B980324,1561
B983299,1561
B984311,1561
B997729,1561
B901514,1562
B907515,1562
B909730,1562
B918256,1562
B939343,1562
B970853,1562
B992120,1562
B996986,1562
B943255,1563
B935723,1564
B985820,1564
B941204,1565
B949201,1565
B911507,1566
B921002,1566
B929991,1566
B932116,1566
B957489,1566
B904738,1567
B934392,1567
B949420,1567
B958049,1567
B961816,1567
B970133,1567
B901499,1568
B959210,1568
B967890,1568
B989158,1568
B995020,1568
B998470,1568
B906655,1569
B927576,1569
B938358,1569
B959420,1569
B964546,1569
B965693,1569
B989445,1569
B997836,1569
B907199,1570
B908748,1570
B974231,1570
B911020,1571
B943116,1571
B954828,1571
B956348,1571
B974422,1571
B975051,1571
B989395,1571
B914844,1572
B928527,1572
B980863,1572
B985175,1572
B989773,1572
B921886,1573
B943484,1573
B988617,1573
B990320,1573
B997328,1573
B912742,1574
B923654,1574
B943243,1574
B912490,1575
B926586,1575
B932390,1575
B941568,1575
B965394,1575
B965474,1575
B917945,1576
B933204,1576
B945151,1576
B959381,1576
B977290,1576
B978638,1576
B988099,1576
B917868,1577
B920410,1577
B941407,1577
B955609,1577
B962782,1577
B981976,1577
B931486,1578
B963105,1578
B993697,1578
B914112,1579
B914319,1579
B917204,1579
B937754,1579
B946023,1579
B946752,1579
B991688,1579
B911726,1580
B912605,1580
B917318,1580
B933602,1580
B938162,1580
B944072,1580
B945431,1580
B945745,1580
B954716,1580
B982484,1580
B927028,1581
B943724,1581
B945233,1581
B949233,1581
B955785,1581
B976712,1581
B992520,1581
B996107,1581
B900173,1582
B963523,1582
B966911,1582
B967777,1582
B971002,1582
B985241,1582
B909728,1583
B916400,1583
B933150,1583
B940067,1583
B949579,1583
B985614,1583
B998623,1583
B955169,1584
B971349,1584
B988906,1584
B989499,1584
B926485,1585
B990366,1585
B931075,1586
B935892,1586
B960887,1586
B974550,1586
B975427,1586
B916511,1587
B961871,1587
B962662,1587
B972343,1587
B974314,1587
B993152,1587
B903825,1588
